acc,sens,spec,auc
0.8907579760750939,0.031583564848662087,0.9765625,0.5144406344675876
0.8910642838090157,0.03318649045521292,0.9767639724218865,0.5168960190006111
0.890728476821192,0.035724830233244756,0.9761279858448835,0.5164191854695869
0.8914948590911512,0.03712943938949222,0.9767687124652117,0.5228303958853272
0.8912300683371298,0.034849810440361624,0.9767807720320466,0.5174358025894978
0.8909541178212358,0.02789731414156403,0.9770426287744227,0.515574288288236
0.8915264130752019,0.03597122302158273,0.976964231121981,0.5165619688823897
0.8901044597877861,0.029042504916049008,0.9760416666666667,0.5136088261804912
0.8901221462260982,0.029146323420624353,0.9761306532663316,0.5079913308568726
